log_birth_1,log_birth_2,log_death,log_state_rate,model_type,start_state
-2.0322063006460700e-01,-2.0322063006460700e-01,-8.8162504509091399e-01,-2.3949542068876299e+00,0,0
