log_birth_1,log_birth_2,log_death,log_state_rate,logit_sample_frac,model_type,start_state
-1.59663613792509,-0.203220630064607,-1.70728560071439,-0.275376630015671,-0.901405900869915,1,0
