log_birth_1,log_birth_2,log_death,log_state_rate,logit_sample_frac,model_type,start_state
-0.113050082698464,-1.74168204655871,-2.07478441530839,-0.16848198347725,0.0629211608039502,1,1
