log_birth_1,log_birth_2,log_death,log_state_rate,model_type,start_state
-1.5966361379250900e+00,-2.0322063006460700e-01,-1.7072856007143900e+00,-2.7537663001567098e-01,1,0
