log_birth_1,log_birth_2,log_death,log_state_rate,model_type,start_state
-7.9121189191937402e-01,-1.7507331115193701e+00,-3.1615312630310699e+00,-1.1936979757156201e+00,1,0
