log_birth_1,log_birth_2,log_death,log_state_rate,logit_sample_frac,model_type,start_state
-0.203220630064607,-0.203220630064607,-0.881625045090914,-2.39495420688763,-0.222658333730455,0,0
